{
	"$schema": "https://developer.microsoft.com/json-schemas/spfx/client-side-web-part-manifest.schema.json",
	"id": "d1e792f5-9bed-46a1-9011-a1557e5362c5",
	"alias": "PersonalAreaWebPart",
	"componentType": "WebPart",

	"version": "*",
	"manifestVersion": 2,

	"requiresCustomScript": false,
	"supportedHosts": ["SharePointWebPart", "TeamsPersonalApp", "TeamsTab", "SharePointFullPage"],
	"supportsThemeVariants": true,

	"preconfiguredEntries": [
		{
			"groupId": "5c03119e-3074-46fd-976b-c60198311f70",
			"group": { "default": "Other" },
			"title": { "default": "PersonalArea" },
			"description": { "default": "PersonalArea WebPart" },
			"officeFabricIconFontName": "AccountBrowser",
			"properties": {
				"description": "PersonalArea"
			}
		}
	]
}
